price	quantity	date_last_sold	title
$13.75	2	Feb 8, 2026	1934 CENTURY OF PROGRESS~CHICAGO WORLD'S FAIR 3 3/4" MINI GLASS BOTTLE NO CAP
$20.00	1	May 25, 2026	1933 Chicago A CENTURY OF PROGRESS WORLD'S FAIR glass embossed bottle lidded jar
$20.00	1	Oct 28, 2025	1933 Chicago World's Fair Glass Bottle - A Century of Progress 1833-1933 -No Cap
$28.00	1	Dec 18, 2025	Vintage Chicago 1934 Worlds Fair Bottle Opener, Century of Progress
$13.45	1	Sep 15, 2025	1933 Century Of Progress Chicago’s World Fair Glass Bottle INV-JDJ72
$4.99	1	Jul 30, 2026	1933 Chicago World's Fair Glass Bottle - A Century of Progress 1833-1933 W/cap
$9.95	1	Jan 9, 2026	vintage Century of Progress 1833-1933 Bottle, Souvenir Chicago World's Fair
$11.50	1	Aug 24, 2025	Century of Progress 1833-1933 Bottle Souvenir Chicago World's Fair
$27.95	1	Feb 13, 2026	1934 CENTURY OF PROGRESS, EMPTY CANADIAN CLUB SAMPLE BOTTLE SOUVENIR IN BOX
$10.00	1	Oct 1, 2025	Vintage 1833 - 1933 Bottle “A Century Of Progress " Worlds Fair Bottle No Cap
$45.00	1	Feb 17, 2026	Vintage 1933 Chicago World’s Fair A Century Of Progress Bottle Opener Naked Lady
$36.00	1	Dec 24, 2025	Century of Progress 1933/34 Canadian Club Whiskey Minature Bottle
$35.00	1	Nov 24, 2025	1933 Chicago World Fair Century of Progress Green Glass Bottle
$12.00	1	Jun 20, 2026	A Century Of Progress 1833-1933 Vintage Glass Bottle
$25.00	1	Sep 2, 2025	1934 Century of Progress souvenir empty Canadian Club Whisky bottle and box
$20.00	1	Jan 14, 2026	VINTAGE 1933 CHICAGO WORLD'S FAIR CENTURY OF PROGRESS POCKET SLIDE BOTTLE OPENER
$10.00	1	May 11, 2026	1933 Chicago World's Fair Bottle A Century of Progress Commemorative Art Deco
$24.99	1	Oct 7, 2025	Vintage Chicago 1934 Worlds Fair Bottle Opener, Century of Progress
$11.99	1	Nov 24, 2025	1933 Chicago Worlds Fair Century of Progress Bottle With Cap
$15.95	1	Feb 22, 2026	Century Of Progress Souvenir Whiskey Bottle -empty With box
$22.00	1	Nov 29, 2025	1933 Chicago World's Fair Glass Bottle - A Century of Progress 1833-1933
$18.00	1	Dec 12, 2025	1933 Chicago Worlds Fair Refrigerator Water Bottle A Century Of Progress
$40.00	1	Jul 29, 2026	Vintage 1933 Chicago World’s Fair Art Deco Bottle Opener “Century of Progress”
$20.00	1	Sep 14, 2025	CHICAGO WORLDS FAIR 1933 - A CENTURY OF PROGRESS - BOTTLE OPENER
$20.00	1	Apr 18, 2026	Vintage 1933 Chicago World’s Fair Art Deco Bottle Opener “Century of Progress”
$30.00	1	Apr 29, 2026	Vintage 1933 Chicago World’s Fair Art Deco Bottle Opener “Century of Progress”
$22.00	1	Jun 20, 2026	Vintage 1933 Chicago World’s Fair Art Deco Bottle Opener “Century of Progress”
$20.00	1	Apr 11, 2026	1933 Chicago World's Fair Glass Bottle - A Century of Progress 1833-1933 W/cap
$65.00	1	Feb 4, 2026	Chicago World's Fair Century of Progress 1933 Bottle Opener Art Deco "SOME RUST"
$20.00	1	Feb 3, 2026	Vintage Chicago Worlds Fair Elephant Metal Bottle Opener, Century of Progress
$105.00	1	Dec 11, 2025	1933 Chicago World's Fair Green Bottle Century Of Progress
$8.50	1	Dec 12, 2025	Vintage A Century of Progress 1933 Chicago Worlds Fair Bottle Black Cap Art Deco
$18.27	1	May 4, 2026	1934 Century of Progress Souvenir Bottle Opener Art Deco Graphics
$9.99	1	Dec 4, 2025	A Century of Progress 1833 - 1933 Commemorative Bottle 6 1/2 INCH NO CAP
$25.00	1	May 9, 2026	Chicago World's Fair Century of Progress 1933 Bottle Opener Art Deco
$14.95	1	Mar 20, 2026	VINTAGE 1933 CHICAGO WORLD'S FAIR CENTURY OF PROGRESS POCKET SLIDE BOTTLE OPENER
$12.50	1	Jul 3, 2026	Chicago Worlds Fair A Century of Progress 1934 SAMPLE Pocket Whiskey Bottle
$20.00	1	Jan 26, 2026	1933 Chicago World's Fair Bottle A Century of Progress Commemorative Art Deco
$50.00	1	Apr 3, 2026	CENTURY OF PROGRESS SOUVENIR CHICAGO 1934CANADIAN CLUB BOTTLED AT FAIR
$19.60	1	Aug 7, 2026	1934 Canadian Club Whisky Bottle Chicago World's Fair Century of Progress w/ Box
$20.00	1	Dec 12, 2025	Vintage 1933 Chicago World’s Fair A Century Of Progress Bottle Opener
$22.00	1	Dec 5, 2025	1934 CENTURY OF PROGRESS, EMPTY CANADIAN CLUB SAMPLE BOTTLE SOUVENIR IN BOX
$39.99	1	Sep 27, 2025	1933 Chicago Century of Progress Worlds Fair Art Deco Pocket Bottle Opener!
$32.00	1	Mar 17, 2026	Vintage Chicago Worlds Fair Elephant Metal Bottle Opener, Century of Progress
$25.00	1	Jun 26, 2026	1933 Chicago A Century Of Progress World's Fair Glass Embossed Bottle Lidded Jar
